{"cameraMode":{"drawMode":0,"name":"Shaded","section":"Shading Mode"},"sceneLighting":false,"audioPlay":false,"sceneViewState":{"showFog":false,"showMaterialUpdate":false,"showSkybox":false,"showFlares":false,"showImageEffects":false,"showParticleSystems":false},"in2DMode":false,"pivot":{"x":-0.5426490306854248,"y":1.157684326171875,"z":-7.334542274475098},"rotation":{"x":-0.09374047815799713,"y":0.1147264912724495,"z":-0.010874132625758648,"w":-0.9889059066772461},"size":0.8895165324211121,"orthographic":false}