{"cameraMode":{"drawMode":0,"name":"Shaded","section":"Shading Mode"},"sceneLighting":false,"audioPlay":false,"sceneViewState":{"showFog":false,"showMaterialUpdate":false,"showSkybox":false,"showFlares":false,"showImageEffects":false,"showParticleSystems":false},"in2DMode":false,"pivot":{"x":-0.06684635579586029,"y":0.902279794216156,"z":-7.4787139892578129},"rotation":{"x":-0.008867253549396992,"y":0.7110735774040222,"z":-0.008964233100414276,"w":-0.70301353931427},"size":2.6547653675079347,"orthographic":false}