{"cameraMode":{"drawMode":0,"name":"Shaded","section":"Shading Mode"},"sceneLighting":false,"audioPlay":false,"sceneViewState":{"showFog":false,"showMaterialUpdate":false,"showSkybox":false,"showFlares":false,"showImageEffects":false,"showParticleSystems":false},"in2DMode":false,"pivot":{"x":-0.007280111312866211,"y":0.7670570015907288,"z":-0.05693352222442627},"rotation":{"x":-0.0006191495340317488,"y":-0.9972233772277832,"z":0.07403934746980667,"w":-0.00837041437625885},"size":4.5972418785095219,"orthographic":false}