{"cameraMode":{"drawMode":0,"name":"Shaded","section":"Shading Mode"},"sceneLighting":false,"audioPlay":false,"sceneViewState":{"showFog":false,"showMaterialUpdate":false,"showSkybox":false,"showFlares":false,"showImageEffects":false,"showParticleSystems":false},"in2DMode":false,"pivot":{"x":-0.5971822738647461,"y":0.5547842979431152,"z":-7.388121604919434},"rotation":{"x":-0.1518663614988327,"y":-0.31788864731788638,"z":0.05166523903608322,"w":-0.9344645738601685},"size":4.592087268829346,"orthographic":false}